CREATE DATABASE  IF NOT EXISTS `vio_pedro` /*!40100 DEFAULT CHARACTER SET utf8mb4 COLLATE utf8mb4_0900_ai_ci */ /*!80016 DEFAULT ENCRYPTION='N' */;
USE `vio_pedro`;
-- MySQL dump 10.13  Distrib 8.0.36, for Win64 (x86_64)
--
-- Host: localhost    Database: vio_pedro
-- ------------------------------------------------------
-- Server version	8.0.36

/*!40101 SET @OLD_CHARACTER_SET_CLIENT=@@CHARACTER_SET_CLIENT */;
/*!40101 SET @OLD_CHARACTER_SET_RESULTS=@@CHARACTER_SET_RESULTS */;
/*!40101 SET @OLD_COLLATION_CONNECTION=@@COLLATION_CONNECTION */;
/*!50503 SET NAMES utf8 */;
/*!40103 SET @OLD_TIME_ZONE=@@TIME_ZONE */;
/*!40103 SET TIME_ZONE='+00:00' */;
/*!40014 SET @OLD_UNIQUE_CHECKS=@@UNIQUE_CHECKS, UNIQUE_CHECKS=0 */;
/*!40014 SET @OLD_FOREIGN_KEY_CHECKS=@@FOREIGN_KEY_CHECKS, FOREIGN_KEY_CHECKS=0 */;
/*!40101 SET @OLD_SQL_MODE=@@SQL_MODE, SQL_MODE='NO_AUTO_VALUE_ON_ZERO' */;
/*!40111 SET @OLD_SQL_NOTES=@@SQL_NOTES, SQL_NOTES=0 */;

--
-- Table structure for table `compra`
--

DROP TABLE IF EXISTS `compra`;
/*!40101 SET @saved_cs_client     = @@character_set_client */;
/*!50503 SET character_set_client = utf8mb4 */;
CREATE TABLE `compra` (
  `id_compra` int NOT NULL AUTO_INCREMENT,
  `data_compra` datetime DEFAULT CURRENT_TIMESTAMP,
  `fk_id_usuario` int NOT NULL,
  PRIMARY KEY (`id_compra`),
  KEY `fk_id_usuario` (`fk_id_usuario`),
  CONSTRAINT `compra_ibfk_1` FOREIGN KEY (`fk_id_usuario`) REFERENCES `usuario` (`id_usuario`)
) ENGINE=InnoDB AUTO_INCREMENT=44 DEFAULT CHARSET=utf8mb4 COLLATE=utf8mb4_0900_ai_ci;
/*!40101 SET character_set_client = @saved_cs_client */;

--
-- Dumping data for table `compra`
--

LOCK TABLES `compra` WRITE;
/*!40000 ALTER TABLE `compra` DISABLE KEYS */;
INSERT INTO `compra` VALUES (1,'2024-11-14 19:04:00',1),(2,'2024-11-13 17:00:00',1),(3,'2024-11-12 15:30:00',2),(5,'2025-03-24 11:28:48',1),(6,'2025-03-24 11:31:18',1),(7,'2025-03-24 11:32:09',1),(8,'2025-03-24 11:32:54',1),(9,'2025-05-12 11:01:39',3),(10,'2025-05-12 11:08:09',3),(11,'2025-05-12 12:46:51',3),(12,'2025-05-12 12:47:36',3),(13,'2025-05-12 12:51:51',3),(14,'2025-05-12 13:10:35',4),(15,'2025-05-26 10:35:42',1),(16,'2025-05-26 10:35:49',1),(17,'2025-05-26 10:41:31',1),(18,'2025-05-26 10:41:41',1),(19,'2025-05-26 10:44:09',1),(20,'2025-05-26 12:47:06',1),(21,'2025-05-26 12:47:14',1),(22,'2025-05-26 12:47:45',1),(23,'2025-05-26 12:47:58',2),(24,'2025-05-26 12:49:48',1),(25,'2025-05-26 12:51:48',1),(26,'2025-05-26 12:52:27',1),(27,'2025-05-26 12:52:48',1),(28,'2025-05-26 12:54:24',1),(29,'2025-05-26 12:54:32',1),(30,'2025-05-26 12:58:26',1),(31,'2025-05-26 12:58:29',1),(32,'2025-06-02 08:50:08',2),(36,'2025-06-02 12:52:31',1),(37,'2025-06-02 12:59:57',1),(38,'2025-06-02 13:12:54',2),(39,'2025-06-02 13:22:32',1),(40,'2025-06-02 14:44:45',2),(41,'2025-06-02 14:44:57',2),(42,'2025-06-02 14:45:21',1);
/*!40000 ALTER TABLE `compra` ENABLE KEYS */;
UNLOCK TABLES;
/*!50003 SET @saved_cs_client      = @@character_set_client */ ;
/*!50003 SET @saved_cs_results     = @@character_set_results */ ;
/*!50003 SET @saved_col_connection = @@collation_connection */ ;
/*!50003 SET character_set_client  = utf8mb4 */ ;
/*!50003 SET character_set_results = utf8mb4 */ ;
/*!50003 SET collation_connection  = utf8mb4_0900_ai_ci */ ;
/*!50003 SET @saved_sql_mode       = @@sql_mode */ ;
/*!50003 SET sql_mode              = 'ONLY_FULL_GROUP_BY,STRICT_TRANS_TABLES,NO_ZERO_IN_DATE,NO_ZERO_DATE,ERROR_FOR_DIVISION_BY_ZERO,NO_ENGINE_SUBSTITUTION' */ ;
DELIMITER ;;
/*!50003 CREATE*/ /*!50017 DEFINER=`alunods`@`%`*/ /*!50003 TRIGGER `trg_after_delete_compra` AFTER DELETE ON `compra` FOR EACH ROW begin   
    insert into historico_compra(id_compra,data_compra, id_usuario) value
    (old.id_compra, old.data_compra, old.fk_id_usuario);
end */;;
DELIMITER ;
/*!50003 SET sql_mode              = @saved_sql_mode */ ;
/*!50003 SET character_set_client  = @saved_cs_client */ ;
/*!50003 SET character_set_results = @saved_cs_results */ ;
/*!50003 SET collation_connection  = @saved_col_connection */ ;

--
-- Table structure for table `evento`
--

DROP TABLE IF EXISTS `evento`;
/*!40101 SET @saved_cs_client     = @@character_set_client */;
/*!50503 SET character_set_client = utf8mb4 */;
CREATE TABLE `evento` (
  `id_evento` int NOT NULL AUTO_INCREMENT,
  `nome` varchar(100) NOT NULL,
  `descricao` varchar(255) NOT NULL,
  `data_hora` datetime NOT NULL,
  `local` varchar(255) NOT NULL,
  `fk_id_organizador` int NOT NULL,
  PRIMARY KEY (`id_evento`),
  KEY `fk_id_organizador` (`fk_id_organizador`),
  CONSTRAINT `evento_ibfk_1` FOREIGN KEY (`fk_id_organizador`) REFERENCES `organizador` (`id_organizador`)
) ENGINE=InnoDB AUTO_INCREMENT=2002 DEFAULT CHARSET=utf8mb4 COLLATE=utf8mb4_0900_ai_ci;
/*!40101 SET character_set_client = @saved_cs_client */;

--
-- Dumping data for table `evento`
--

LOCK TABLES `evento` WRITE;
/*!40000 ALTER TABLE `evento` DISABLE KEYS */;
INSERT INTO `evento` VALUES (1,'Festival de Verão','evento de verao','2024-12-15 00:00:00','Praia Central',1),(2,'Congresso de Tecnologia','Evento de tecnologia','2024-11-20 00:00:00','Centro de convencoes',2),(3,'Show Internacional','Evento internacional','2024-10-30 00:00:00','Arena Principal',3),(4,'Feira Cultural de Inverno ','Evento cultutal com musica e gastronomia','2025-05-20 19:00:00','Parque Municipal',1),(5,'Show de Rock','Evento de música ao vivo com bandas de rock.','2025-06-15 20:00:00','Estádio Municipal',1),(2001,'Evento Antigo','teste','2023-05-28 14:30:38','FRANCA',1);
/*!40000 ALTER TABLE `evento` ENABLE KEYS */;
UNLOCK TABLES;
/*!50003 SET @saved_cs_client      = @@character_set_client */ ;
/*!50003 SET @saved_cs_results     = @@character_set_results */ ;
/*!50003 SET @saved_col_connection = @@collation_connection */ ;
/*!50003 SET character_set_client  = utf8mb4 */ ;
/*!50003 SET character_set_results = utf8mb4 */ ;
/*!50003 SET collation_connection  = utf8mb4_0900_ai_ci */ ;
/*!50003 SET @saved_sql_mode       = @@sql_mode */ ;
/*!50003 SET sql_mode              = 'ONLY_FULL_GROUP_BY,STRICT_TRANS_TABLES,NO_ZERO_IN_DATE,NO_ZERO_DATE,ERROR_FOR_DIVISION_BY_ZERO,NO_ENGINE_SUBSTITUTION' */ ;
DELIMITER ;;
/*!50003 CREATE*/ /*!50017 DEFINER=`alunods`@`%`*/ /*!50003 TRIGGER `impedir_alteracao_evento_passado` BEFORE UPDATE ON `evento` FOR EACH ROW begin 
    if old.data_hora < curdate() then 
        signal sqlstate '45000'
        set message_text = 'nao é permitido alterar eventos que ocorreram.';
    end if;
end */;;
DELIMITER ;
/*!50003 SET sql_mode              = @saved_sql_mode */ ;
/*!50003 SET character_set_client  = @saved_cs_client */ ;
/*!50003 SET character_set_results = @saved_cs_results */ ;
/*!50003 SET collation_connection  = @saved_col_connection */ ;

--
-- Table structure for table `historico_compra`
--

DROP TABLE IF EXISTS `historico_compra`;
/*!40101 SET @saved_cs_client     = @@character_set_client */;
/*!50503 SET character_set_client = utf8mb4 */;
CREATE TABLE `historico_compra` (
  `id_historico` int NOT NULL AUTO_INCREMENT,
  `id_compra` int NOT NULL,
  `data_compra` datetime NOT NULL,
  `id_usuario` int NOT NULL,
  `data_exclusao` datetime DEFAULT CURRENT_TIMESTAMP,
  PRIMARY KEY (`id_historico`)
) ENGINE=InnoDB AUTO_INCREMENT=5 DEFAULT CHARSET=utf8mb4 COLLATE=utf8mb4_0900_ai_ci;
/*!40101 SET character_set_client = @saved_cs_client */;

--
-- Dumping data for table `historico_compra`
--

LOCK TABLES `historico_compra` WRITE;
/*!40000 ALTER TABLE `historico_compra` DISABLE KEYS */;
INSERT INTO `historico_compra` VALUES (1,33,'2025-06-02 11:30:05',1,'2025-06-02 11:30:05'),(2,34,'2025-06-02 11:30:14',1,'2025-06-02 11:30:14'),(3,35,'2025-06-02 11:30:47',1,'2025-06-02 11:30:47'),(4,43,'2025-06-02 14:45:28',1,'2025-06-02 14:45:28');
/*!40000 ALTER TABLE `historico_compra` ENABLE KEYS */;
UNLOCK TABLES;

--
-- Table structure for table `ingresso`
--

DROP TABLE IF EXISTS `ingresso`;
/*!40101 SET @saved_cs_client     = @@character_set_client */;
/*!50503 SET character_set_client = utf8mb4 */;
CREATE TABLE `ingresso` (
  `id_ingresso` int NOT NULL AUTO_INCREMENT,
  `preco` decimal(5,2) NOT NULL,
  `tipo` varchar(10) NOT NULL,
  `fk_id_evento` int NOT NULL,
  PRIMARY KEY (`id_ingresso`),
  KEY `fk_id_evento` (`fk_id_evento`),
  CONSTRAINT `ingresso_ibfk_1` FOREIGN KEY (`fk_id_evento`) REFERENCES `evento` (`id_evento`)
) ENGINE=InnoDB AUTO_INCREMENT=4003 DEFAULT CHARSET=utf8mb4 COLLATE=utf8mb4_0900_ai_ci;
/*!40101 SET character_set_client = @saved_cs_client */;

--
-- Dumping data for table `ingresso`
--

LOCK TABLES `ingresso` WRITE;
/*!40000 ALTER TABLE `ingresso` DISABLE KEYS */;
INSERT INTO `ingresso` VALUES (1,500.00,'vip',1),(2,150.00,'pista',1),(3,200.00,'pista',2),(4,600.00,'vip',3),(5,250.00,'pista',3),(6,120.00,'vip',4),(7,60.00,'pista',4),(8,50.00,'Pista',5),(4001,100.00,'pista',1),(4002,500.00,'vip',5);
/*!40000 ALTER TABLE `ingresso` ENABLE KEYS */;
UNLOCK TABLES;

--
-- Table structure for table `ingresso_compra`
--

DROP TABLE IF EXISTS `ingresso_compra`;
/*!40101 SET @saved_cs_client     = @@character_set_client */;
/*!50503 SET character_set_client = utf8mb4 */;
CREATE TABLE `ingresso_compra` (
  `id_ingresso_compra` int NOT NULL AUTO_INCREMENT,
  `quantidade` int NOT NULL,
  `fk_id_ingresso` int NOT NULL,
  `fk_id_compra` int NOT NULL,
  PRIMARY KEY (`id_ingresso_compra`),
  KEY `fk_id_ingresso` (`fk_id_ingresso`),
  KEY `fk_id_compra` (`fk_id_compra`),
  CONSTRAINT `ingresso_compra_ibfk_1` FOREIGN KEY (`fk_id_ingresso`) REFERENCES `ingresso` (`id_ingresso`),
  CONSTRAINT `ingresso_compra_ibfk_2` FOREIGN KEY (`fk_id_compra`) REFERENCES `compra` (`id_compra`)
) ENGINE=InnoDB AUTO_INCREMENT=33 DEFAULT CHARSET=utf8mb4 COLLATE=utf8mb4_0900_ai_ci;
/*!40101 SET character_set_client = @saved_cs_client */;

--
-- Dumping data for table `ingresso_compra`
--

LOCK TABLES `ingresso_compra` WRITE;
/*!40000 ALTER TABLE `ingresso_compra` DISABLE KEYS */;
INSERT INTO `ingresso_compra` VALUES (1,5,4,1),(2,2,5,1),(3,1,1,2),(4,2,2,2),(5,3,4,8),(6,3,5,13),(7,10,8,17),(8,10,8,18),(9,10,8,19),(10,50,8,22),(11,50,8,23),(12,50,8,24),(13,40,8,25),(14,10,8,26),(15,100,8,27),(16,10,8,28),(17,10,8,29),(18,10,8,30),(19,50,8,31),(20,3,8,32),(23,8,8,36),(24,4,8,36),(25,8,8,37),(26,4,4002,37),(27,3,8,38),(28,8,8,39),(29,4,4002,39),(30,3,8,40),(31,8,8,42),(32,4,4002,42);
/*!40000 ALTER TABLE `ingresso_compra` ENABLE KEYS */;
UNLOCK TABLES;
/*!50003 SET @saved_cs_client      = @@character_set_client */ ;
/*!50003 SET @saved_cs_results     = @@character_set_results */ ;
/*!50003 SET @saved_col_connection = @@collation_connection */ ;
/*!50003 SET character_set_client  = utf8mb4 */ ;
/*!50003 SET character_set_results = utf8mb4 */ ;
/*!50003 SET collation_connection  = utf8mb4_0900_ai_ci */ ;
/*!50003 SET @saved_sql_mode       = @@sql_mode */ ;
/*!50003 SET sql_mode              = 'ONLY_FULL_GROUP_BY,STRICT_TRANS_TABLES,NO_ZERO_IN_DATE,NO_ZERO_DATE,ERROR_FOR_DIVISION_BY_ZERO,NO_ENGINE_SUBSTITUTION' */ ;
DELIMITER ;;
/*!50003 CREATE*/ /*!50017 DEFINER=`alunods`@`%`*/ /*!50003 TRIGGER `verifica_data_evento` BEFORE INSERT ON `ingresso_compra` FOR EACH ROW begin 
    declare data_evento datetime;

    -- buscar data do evento
    select e.data_hora into  data_evento
    from ingresso i 
    join evento e on i.fk_id_evento = e.id_evento
    where i.id_ingresso = new.fk_id_ingresso;

    -- Verificar se o evento ja ocorreu
    if date(data_evento) < curdate() then
        signal sqlstate '45000'
        set message_text = 'Não é possivel comprar ingressos para eventos passados.';
    end if;

end */;;
DELIMITER ;
/*!50003 SET sql_mode              = @saved_sql_mode */ ;
/*!50003 SET character_set_client  = @saved_cs_client */ ;
/*!50003 SET character_set_results = @saved_cs_results */ ;
/*!50003 SET collation_connection  = @saved_col_connection */ ;
/*!50003 SET @saved_cs_client      = @@character_set_client */ ;
/*!50003 SET @saved_cs_results     = @@character_set_results */ ;
/*!50003 SET @saved_col_connection = @@collation_connection */ ;
/*!50003 SET character_set_client  = utf8mb4 */ ;
/*!50003 SET character_set_results = utf8mb4 */ ;
/*!50003 SET collation_connection  = utf8mb4_0900_ai_ci */ ;
/*!50003 SET @saved_sql_mode       = @@sql_mode */ ;
/*!50003 SET sql_mode              = 'ONLY_FULL_GROUP_BY,STRICT_TRANS_TABLES,NO_ZERO_IN_DATE,NO_ZERO_DATE,ERROR_FOR_DIVISION_BY_ZERO,NO_ENGINE_SUBSTITUTION' */ ;
DELIMITER ;;
/*!50003 CREATE*/ /*!50017 DEFINER=`alunods`@`%`*/ /*!50003 TRIGGER `atualizar_total_ingressos` AFTER INSERT ON `ingresso_compra` FOR EACH ROW BEGIN
    DECLARE v_id_evento INT;

    SELECT fk_id_evento
    INTO v_id_evento
    FROM ingresso
    WHERE id_ingresso = NEW.fk_id_ingresso;

    IF EXISTS (
        SELECT 1 FROM resumo_evento WHERE id_evento = v_id_evento
    ) THEN
        UPDATE resumo_evento
        SET total_ingressos = total_ingressos + NEW.quantidade
        WHERE id_evento = v_id_evento;
    ELSE
        INSERT INTO resumo_evento (id_evento, total_ingressos)
        VALUES (v_id_evento, NEW.quantidade);
    END IF;
END */;;
DELIMITER ;
/*!50003 SET sql_mode              = @saved_sql_mode */ ;
/*!50003 SET character_set_client  = @saved_cs_client */ ;
/*!50003 SET character_set_results = @saved_cs_results */ ;
/*!50003 SET collation_connection  = @saved_col_connection */ ;

--
-- Table structure for table `log_evento`
--

DROP TABLE IF EXISTS `log_evento`;
/*!40101 SET @saved_cs_client     = @@character_set_client */;
/*!50503 SET character_set_client = utf8mb4 */;
CREATE TABLE `log_evento` (
  `id_log` int NOT NULL AUTO_INCREMENT,
  `mensagem` varchar(255) DEFAULT NULL,
  `data_log` datetime DEFAULT CURRENT_TIMESTAMP,
  PRIMARY KEY (`id_log`)
) ENGINE=InnoDB AUTO_INCREMENT=3 DEFAULT CHARSET=utf8mb4 COLLATE=utf8mb4_0900_ai_ci;
/*!40101 SET character_set_client = @saved_cs_client */;

--
-- Dumping data for table `log_evento`
--

LOCK TABLES `log_evento` WRITE;
/*!40000 ALTER TABLE `log_evento` DISABLE KEYS */;
INSERT INTO `log_evento` VALUES (1,'teste','2025-04-07 13:12:01'),(2,'teste','2025-04-14 07:55:25');
/*!40000 ALTER TABLE `log_evento` ENABLE KEYS */;
UNLOCK TABLES;

--
-- Table structure for table `organizador`
--

DROP TABLE IF EXISTS `organizador`;
/*!40101 SET @saved_cs_client     = @@character_set_client */;
/*!50503 SET character_set_client = utf8mb4 */;
CREATE TABLE `organizador` (
  `id_organizador` int NOT NULL AUTO_INCREMENT,
  `nome` varchar(100) NOT NULL,
  `email` varchar(100) NOT NULL,
  `senha` varchar(50) NOT NULL,
  `telefone` char(11) NOT NULL,
  PRIMARY KEY (`id_organizador`),
  UNIQUE KEY `email` (`email`)
) ENGINE=InnoDB AUTO_INCREMENT=6 DEFAULT CHARSET=utf8mb4 COLLATE=utf8mb4_0900_ai_ci;
/*!40101 SET character_set_client = @saved_cs_client */;

--
-- Dumping data for table `organizador`
--

LOCK TABLES `organizador` WRITE;
/*!40000 ALTER TABLE `organizador` DISABLE KEYS */;
INSERT INTO `organizador` VALUES (1,'Organização ABC','contato@abc.com','senha123','11111222333'),(2,'Eventos XYZ','info@xyz.com','senha123','11222333444'),(3,'Festivais BR','contato@festbr.com','senha123','11333444555'),(4,'Eventos GL','support@gl.com','senha123','11444555666'),(5,'Eventos JQ','contact@jq.com','senha123','11555666777');
/*!40000 ALTER TABLE `organizador` ENABLE KEYS */;
UNLOCK TABLES;

--
-- Table structure for table `presenca`
--

DROP TABLE IF EXISTS `presenca`;
/*!40101 SET @saved_cs_client     = @@character_set_client */;
/*!50503 SET character_set_client = utf8mb4 */;
CREATE TABLE `presenca` (
  `id_presenca` int NOT NULL AUTO_INCREMENT,
  `data_hora_checkin` datetime DEFAULT NULL,
  `fk_id_evento` int NOT NULL,
  `fk_id_compra` int NOT NULL,
  PRIMARY KEY (`id_presenca`),
  KEY `fk_id_evento` (`fk_id_evento`),
  KEY `fk_id_compra` (`fk_id_compra`),
  CONSTRAINT `presenca_ibfk_1` FOREIGN KEY (`fk_id_evento`) REFERENCES `evento` (`id_evento`),
  CONSTRAINT `presenca_ibfk_2` FOREIGN KEY (`fk_id_compra`) REFERENCES `compra` (`id_compra`)
) ENGINE=InnoDB AUTO_INCREMENT=2 DEFAULT CHARSET=utf8mb4 COLLATE=utf8mb4_0900_ai_ci;
/*!40101 SET character_set_client = @saved_cs_client */;

--
-- Dumping data for table `presenca`
--

LOCK TABLES `presenca` WRITE;
/*!40000 ALTER TABLE `presenca` DISABLE KEYS */;
INSERT INTO `presenca` VALUES (1,'2025-04-07 09:43:01',3,1);
/*!40000 ALTER TABLE `presenca` ENABLE KEYS */;
UNLOCK TABLES;

--
-- Table structure for table `resumo_evento`
--

DROP TABLE IF EXISTS `resumo_evento`;
/*!40101 SET @saved_cs_client     = @@character_set_client */;
/*!50503 SET character_set_client = utf8mb4 */;
CREATE TABLE `resumo_evento` (
  `id_evento` int NOT NULL,
  `total_ingressos` int NOT NULL,
  PRIMARY KEY (`id_evento`),
  CONSTRAINT `fk_resumo_evento` FOREIGN KEY (`id_evento`) REFERENCES `evento` (`id_evento`)
) ENGINE=InnoDB DEFAULT CHARSET=utf8mb4 COLLATE=utf8mb4_0900_ai_ci;
/*!40101 SET character_set_client = @saved_cs_client */;

--
-- Dumping data for table `resumo_evento`
--

LOCK TABLES `resumo_evento` WRITE;
/*!40000 ALTER TABLE `resumo_evento` DISABLE KEYS */;
INSERT INTO `resumo_evento` VALUES (5,142);
/*!40000 ALTER TABLE `resumo_evento` ENABLE KEYS */;
UNLOCK TABLES;

--
-- Table structure for table `usuario`
--

DROP TABLE IF EXISTS `usuario`;
/*!40101 SET @saved_cs_client     = @@character_set_client */;
/*!50503 SET character_set_client = utf8mb4 */;
CREATE TABLE `usuario` (
  `id_usuario` int NOT NULL AUTO_INCREMENT,
  `name` varchar(100) NOT NULL,
  `email` varchar(100) NOT NULL,
  `password` varchar(255) NOT NULL,
  `cpf` char(11) NOT NULL,
  `data_nascimento` date NOT NULL,
  PRIMARY KEY (`id_usuario`),
  UNIQUE KEY `email` (`email`),
  UNIQUE KEY `cpf` (`cpf`)
) ENGINE=InnoDB AUTO_INCREMENT=28 DEFAULT CHARSET=utf8mb4 COLLATE=utf8mb4_0900_ai_ci;
/*!40101 SET character_set_client = @saved_cs_client */;

--
-- Dumping data for table `usuario`
--

LOCK TABLES `usuario` WRITE;
/*!40000 ALTER TABLE `usuario` DISABLE KEYS */;
INSERT INTO `usuario` VALUES (1,'João Silva','joao.silva@example.com','senha123','16000000000','1990-01-15'),(2,'Maria Oliveira','maria.oliveira@example.com','senha123','16987654321','1985-06-23'),(3,'Carlos Pereira','carlos.pereira@example.com','senha123','16123987456','1992-11-30'),(4,'Ana Souza','ana.souza@example.com','senha123','16456123789','1987-04-18'),(5,'Pedro Costa','pedro.costa@example.com','senha123','16789123456','1995-08-22'),(6,'Laura Lima','laura.lima@example.com','senha123','16321654987','1998-09-09'),(7,'Lucas Alves','lucas.alves@example.com','senha123','16654321987','1993-12-01'),(8,'Fernanda Rocha','fernanda.rocha@example.com','senha123','16741852963','1991-07-07'),(9,'Rafael Martins','rafael.martins@example.com','senha123','16369258147','1994-03-27'),(10,'Juliana Nunes','juliana.nunes@example.com','senha123','16258147369','1986-05-15'),(11,'Paulo Araujo','paulo.araujo@example.com','senha123','16159753486','1997-10-12'),(12,'Beatriz Melo','beatriz.melo@example.com','senha123','16486159753','1990-02-28'),(13,'Renato Dias','renato.dias@example.com','senha123','16753486159','1996-11-11'),(14,'Camila Ribeiro','camila.ribeiro@example.com','senha123','16963852741','1989-08-03'),(15,'Thiago Teixeira','thiago.teixeira@example.com','senha123','16852741963','1992-12-24'),(16,'Patrícia Fernandes','patricia.fernandes@example.com','senha123','16741963852','1991-01-10'),(17,'Rodrigo Gomes','rodrigo.gomes@example.com','senha123','16963741852','1987-06-30'),(18,'Mariana Batista','mariana.batista@example.com','senha123','16147258369','1998-09-22'),(19,'Fábio Freitas','fabio.freitas@example.com','senha123','16369147258','1994-04-16'),(20,'Isabela Cardoso','isabela.cardoso@example.com','senha123','16258369147','1985-11-08'),(27,'Miguel','miguel@miguel','$2b$10$tbTG6yFpapFBBAlatro.TO3Kgu3o2vucgi/hr4Znz5et2wlDJkIIG','12345678903','1990-08-30');
/*!40000 ALTER TABLE `usuario` ENABLE KEYS */;
UNLOCK TABLES;
/*!50003 SET @saved_cs_client      = @@character_set_client */ ;
/*!50003 SET @saved_cs_results     = @@character_set_results */ ;
/*!50003 SET @saved_col_connection = @@collation_connection */ ;
/*!50003 SET character_set_client  = utf8mb4 */ ;
/*!50003 SET character_set_results = utf8mb4 */ ;
/*!50003 SET collation_connection  = utf8mb4_0900_ai_ci */ ;
/*!50003 SET @saved_sql_mode       = @@sql_mode */ ;
/*!50003 SET sql_mode              = 'ONLY_FULL_GROUP_BY,STRICT_TRANS_TABLES,NO_ZERO_IN_DATE,NO_ZERO_DATE,ERROR_FOR_DIVISION_BY_ZERO,NO_ENGINE_SUBSTITUTION' */ ;
DELIMITER ;;
/*!50003 CREATE*/ /*!50017 DEFINER=`alunods`@`%`*/ /*!50003 TRIGGER `impedir_alteracao_cpf` BEFORE UPDATE ON `usuario` FOR EACH ROW begin
    if old.cpf <> new.cpf then
        signal sqlstate '45000'
        set message_text = 'Não é permitido alterar o CPF de um usuario ja cadastrado';
    end if;
end */;;
DELIMITER ;
/*!50003 SET sql_mode              = @saved_sql_mode */ ;
/*!50003 SET character_set_client  = @saved_cs_client */ ;
/*!50003 SET character_set_results = @saved_cs_results */ ;
/*!50003 SET collation_connection  = @saved_col_connection */ ;

--
-- Dumping events for database 'vio_pedro'
--
/*!50106 SET @save_time_zone= @@TIME_ZONE */ ;
/*!50106 DROP EVENT IF EXISTS `arquivar_compras_antigas` */;
DELIMITER ;;
/*!50003 SET @saved_cs_client      = @@character_set_client */ ;;
/*!50003 SET @saved_cs_results     = @@character_set_results */ ;;
/*!50003 SET @saved_col_connection = @@collation_connection */ ;;
/*!50003 SET character_set_client  = utf8mb4 */ ;;
/*!50003 SET character_set_results = utf8mb4 */ ;;
/*!50003 SET collation_connection  = utf8mb4_0900_ai_ci */ ;;
/*!50003 SET @saved_sql_mode       = @@sql_mode */ ;;
/*!50003 SET sql_mode              = 'ONLY_FULL_GROUP_BY,STRICT_TRANS_TABLES,NO_ZERO_IN_DATE,NO_ZERO_DATE,ERROR_FOR_DIVISION_BY_ZERO,NO_ENGINE_SUBSTITUTION' */ ;;
/*!50003 SET @saved_time_zone      = @@time_zone */ ;;
/*!50003 SET time_zone             = 'SYSTEM' */ ;;
/*!50106 CREATE*/ /*!50117 DEFINER=`alunods`@`%`*/ /*!50106 EVENT `arquivar_compras_antigas` ON SCHEDULE EVERY 5 MINUTE STARTS '2025-05-28 14:14:49' ON COMPLETION PRESERVE ENABLE DO insert into historico_compra(id_compra, data_compra,
        id_usuario)
    select id_compra,  data_hora, fk_id_usuario
        from compra
        where data_compra < now() - interval 6 month */ ;;
/*!50003 SET time_zone             = @saved_time_zone */ ;;
/*!50003 SET sql_mode              = @saved_sql_mode */ ;;
/*!50003 SET character_set_client  = @saved_cs_client */ ;;
/*!50003 SET character_set_results = @saved_cs_results */ ;;
/*!50003 SET collation_connection  = @saved_col_connection */ ;;
/*!50106 DROP EVENT IF EXISTS `excluir_eventos_antigo` */;;
DELIMITER ;;
/*!50003 SET @saved_cs_client      = @@character_set_client */ ;;
/*!50003 SET @saved_cs_results     = @@character_set_results */ ;;
/*!50003 SET @saved_col_connection = @@collation_connection */ ;;
/*!50003 SET character_set_client  = utf8mb4 */ ;;
/*!50003 SET character_set_results = utf8mb4 */ ;;
/*!50003 SET collation_connection  = utf8mb4_0900_ai_ci */ ;;
/*!50003 SET @saved_sql_mode       = @@sql_mode */ ;;
/*!50003 SET sql_mode              = 'ONLY_FULL_GROUP_BY,STRICT_TRANS_TABLES,NO_ZERO_IN_DATE,NO_ZERO_DATE,ERROR_FOR_DIVISION_BY_ZERO,NO_ENGINE_SUBSTITUTION' */ ;;
/*!50003 SET @saved_time_zone      = @@time_zone */ ;;
/*!50003 SET time_zone             = 'SYSTEM' */ ;;
/*!50106 CREATE*/ /*!50117 DEFINER=`alunods`@`%`*/ /*!50106 EVENT `excluir_eventos_antigo` ON SCHEDULE EVERY 1 WEEK STARTS '2025-05-28 14:36:55' ON COMPLETION PRESERVE ENABLE DO delete from evento
    where data_compra < now() - interval 1 year */ ;;
/*!50003 SET time_zone             = @saved_time_zone */ ;;
/*!50003 SET sql_mode              = @saved_sql_mode */ ;;
/*!50003 SET character_set_client  = @saved_cs_client */ ;;
/*!50003 SET character_set_results = @saved_cs_results */ ;;
/*!50003 SET collation_connection  = @saved_col_connection */ ;;
/*!50106 DROP EVENT IF EXISTS `reajuste_precos_eventos_proximos` */;;
DELIMITER ;;
/*!50003 SET @saved_cs_client      = @@character_set_client */ ;;
/*!50003 SET @saved_cs_results     = @@character_set_results */ ;;
/*!50003 SET @saved_col_connection = @@collation_connection */ ;;
/*!50003 SET character_set_client  = utf8mb4 */ ;;
/*!50003 SET character_set_results = utf8mb4 */ ;;
/*!50003 SET collation_connection  = utf8mb4_0900_ai_ci */ ;;
/*!50003 SET @saved_sql_mode       = @@sql_mode */ ;;
/*!50003 SET sql_mode              = 'ONLY_FULL_GROUP_BY,STRICT_TRANS_TABLES,NO_ZERO_IN_DATE,NO_ZERO_DATE,ERROR_FOR_DIVISION_BY_ZERO,NO_ENGINE_SUBSTITUTION' */ ;;
/*!50003 SET @saved_time_zone      = @@time_zone */ ;;
/*!50003 SET time_zone             = 'SYSTEM' */ ;;
/*!50106 CREATE*/ /*!50117 DEFINER=`alunods`@`%`*/ /*!50106 EVENT `reajuste_precos_eventos_proximos` ON SCHEDULE EVERY 1 DAY STARTS '2025-05-28 15:25:01' ON COMPLETION PRESERVE ENABLE DO UPDATE ingresso set preco = preco * 1.10
    where fk_id_evento in(
        select id_event from evento
        where data_hora between now() and now() + interval 7 day
    ) */ ;;
/*!50003 SET time_zone             = @saved_time_zone */ ;;
/*!50003 SET sql_mode              = @saved_sql_mode */ ;;
/*!50003 SET character_set_client  = @saved_cs_client */ ;;
/*!50003 SET character_set_results = @saved_cs_results */ ;;
/*!50003 SET collation_connection  = @saved_col_connection */ ;;
DELIMITER ;
/*!50106 SET TIME_ZONE= @save_time_zone */ ;

--
-- Dumping routines for database 'vio_pedro'
--
/*!50003 DROP FUNCTION IF EXISTS `buscar_faixa_etaria` */;
/*!50003 SET @saved_cs_client      = @@character_set_client */ ;
/*!50003 SET @saved_cs_results     = @@character_set_results */ ;
/*!50003 SET @saved_col_connection = @@collation_connection */ ;
/*!50003 SET character_set_client  = utf8mb4 */ ;
/*!50003 SET character_set_results = utf8mb4 */ ;
/*!50003 SET collation_connection  = utf8mb4_0900_ai_ci */ ;
/*!50003 SET @saved_sql_mode       = @@sql_mode */ ;
/*!50003 SET sql_mode              = 'ONLY_FULL_GROUP_BY,STRICT_TRANS_TABLES,NO_ZERO_IN_DATE,NO_ZERO_DATE,ERROR_FOR_DIVISION_BY_ZERO,NO_ENGINE_SUBSTITUTION' */ ;
DELIMITER ;;
CREATE DEFINER=`alunods`@`%` FUNCTION `buscar_faixa_etaria`(pid int) RETURNS varchar(20) CHARSET utf8mb4
    READS SQL DATA
begin 
    declare nascimento date;
    declare faixa varchar(20);

    select data_nascimento into nascimento
    from usuario
    where id_usuario = pid;

    set faixa = faixa_etaria(nascimento);

    return faixa;
end ;;
DELIMITER ;
/*!50003 SET sql_mode              = @saved_sql_mode */ ;
/*!50003 SET character_set_client  = @saved_cs_client */ ;
/*!50003 SET character_set_results = @saved_cs_results */ ;
/*!50003 SET collation_connection  = @saved_col_connection */ ;
/*!50003 DROP FUNCTION IF EXISTS `calcula_idade` */;
/*!50003 SET @saved_cs_client      = @@character_set_client */ ;
/*!50003 SET @saved_cs_results     = @@character_set_results */ ;
/*!50003 SET @saved_col_connection = @@collation_connection */ ;
/*!50003 SET character_set_client  = utf8mb4 */ ;
/*!50003 SET character_set_results = utf8mb4 */ ;
/*!50003 SET collation_connection  = utf8mb4_0900_ai_ci */ ;
/*!50003 SET @saved_sql_mode       = @@sql_mode */ ;
/*!50003 SET sql_mode              = 'ONLY_FULL_GROUP_BY,STRICT_TRANS_TABLES,NO_ZERO_IN_DATE,NO_ZERO_DATE,ERROR_FOR_DIVISION_BY_ZERO,NO_ENGINE_SUBSTITUTION' */ ;
DELIMITER ;;
CREATE DEFINER=`alunods`@`%` FUNCTION `calcula_idade`(datanascimento date) RETURNS int
    NO SQL
    DETERMINISTIC
begin
    declare idade int;
    set idade = timestampdiff(year, datanascimento, curdate());
    return idade ;
end ;;
DELIMITER ;
/*!50003 SET sql_mode              = @saved_sql_mode */ ;
/*!50003 SET character_set_client  = @saved_cs_client */ ;
/*!50003 SET character_set_results = @saved_cs_results */ ;
/*!50003 SET collation_connection  = @saved_col_connection */ ;
/*!50003 DROP FUNCTION IF EXISTS `calcula_total_gasto` */;
/*!50003 SET @saved_cs_client      = @@character_set_client */ ;
/*!50003 SET @saved_cs_results     = @@character_set_results */ ;
/*!50003 SET @saved_col_connection = @@collation_connection */ ;
/*!50003 SET character_set_client  = utf8mb4 */ ;
/*!50003 SET character_set_results = utf8mb4 */ ;
/*!50003 SET collation_connection  = utf8mb4_0900_ai_ci */ ;
/*!50003 SET @saved_sql_mode       = @@sql_mode */ ;
/*!50003 SET sql_mode              = 'ONLY_FULL_GROUP_BY,STRICT_TRANS_TABLES,NO_ZERO_IN_DATE,NO_ZERO_DATE,ERROR_FOR_DIVISION_BY_ZERO,NO_ENGINE_SUBSTITUTION' */ ;
DELIMITER ;;
CREATE DEFINER=`alunods`@`%` FUNCTION `calcula_total_gasto`(pid_usuario int) RETURNS decimal(10,2)
    READS SQL DATA
begin
    declare total decimal(10,2);

    -- soma o valor gasto por um usuario
    select sum(i.preco * ic.quantidade) into total
    from compra c
    join ingresso_compra ic on c.id_compra = ic.fk_id_compra
    join ingresso i on i.id_ingresso = ic.fk_id_ingresso
    where c.fk_id_usuario = pid_usuario;
    return ifnull (total, 0);
end ;;
DELIMITER ;
/*!50003 SET sql_mode              = @saved_sql_mode */ ;
/*!50003 SET character_set_client  = @saved_cs_client */ ;
/*!50003 SET character_set_results = @saved_cs_results */ ;
/*!50003 SET collation_connection  = @saved_col_connection */ ;
/*!50003 DROP FUNCTION IF EXISTS `media_idade` */;
/*!50003 SET @saved_cs_client      = @@character_set_client */ ;
/*!50003 SET @saved_cs_results     = @@character_set_results */ ;
/*!50003 SET @saved_col_connection = @@collation_connection */ ;
/*!50003 SET character_set_client  = utf8mb4 */ ;
/*!50003 SET character_set_results = utf8mb4 */ ;
/*!50003 SET collation_connection  = utf8mb4_0900_ai_ci */ ;
/*!50003 SET @saved_sql_mode       = @@sql_mode */ ;
/*!50003 SET sql_mode              = 'ONLY_FULL_GROUP_BY,STRICT_TRANS_TABLES,NO_ZERO_IN_DATE,NO_ZERO_DATE,ERROR_FOR_DIVISION_BY_ZERO,NO_ENGINE_SUBSTITUTION' */ ;
DELIMITER ;;
CREATE DEFINER=`alunods`@`%` FUNCTION `media_idade`() RETURNS decimal(5,2)
    READS SQL DATA
begin
    declare media decimal(5,2);

    -- calculo da media de idades

    -- avg calucula a media de idades
    select avg(timestampdiff(year, data_nascimento, curdate())) into media from usuario;

    return ifnull(media, 0);

END ;;
DELIMITER ;
/*!50003 SET sql_mode              = @saved_sql_mode */ ;
/*!50003 SET character_set_client  = @saved_cs_client */ ;
/*!50003 SET character_set_results = @saved_cs_results */ ;
/*!50003 SET collation_connection  = @saved_col_connection */ ;
/*!50003 DROP FUNCTION IF EXISTS `mensagem_boas_vindas` */;
/*!50003 SET @saved_cs_client      = @@character_set_client */ ;
/*!50003 SET @saved_cs_results     = @@character_set_results */ ;
/*!50003 SET @saved_col_connection = @@collation_connection */ ;
/*!50003 SET character_set_client  = utf8mb4 */ ;
/*!50003 SET character_set_results = utf8mb4 */ ;
/*!50003 SET collation_connection  = utf8mb4_0900_ai_ci */ ;
/*!50003 SET @saved_sql_mode       = @@sql_mode */ ;
/*!50003 SET sql_mode              = 'ONLY_FULL_GROUP_BY,STRICT_TRANS_TABLES,NO_ZERO_IN_DATE,NO_ZERO_DATE,ERROR_FOR_DIVISION_BY_ZERO,NO_ENGINE_SUBSTITUTION' */ ;
DELIMITER ;;
CREATE DEFINER=`alunods`@`%` FUNCTION `mensagem_boas_vindas`(nome_usuario varchar(100)) RETURNS varchar(255) CHARSET utf8mb4
    DETERMINISTIC
begin
    declare msg varchar(255);
    set msg = concat('Ola, ',nome_usuario, '! Seja bem-vindo(a) ao sistema VIO.');
    return msg;
end ;;
DELIMITER ;
/*!50003 SET sql_mode              = @saved_sql_mode */ ;
/*!50003 SET character_set_client  = @saved_cs_client */ ;
/*!50003 SET character_set_results = @saved_cs_results */ ;
/*!50003 SET collation_connection  = @saved_col_connection */ ;
/*!50003 DROP FUNCTION IF EXISTS `status_sistema` */;
/*!50003 SET @saved_cs_client      = @@character_set_client */ ;
/*!50003 SET @saved_cs_results     = @@character_set_results */ ;
/*!50003 SET @saved_col_connection = @@collation_connection */ ;
/*!50003 SET character_set_client  = utf8mb4 */ ;
/*!50003 SET character_set_results = utf8mb4 */ ;
/*!50003 SET collation_connection  = utf8mb4_0900_ai_ci */ ;
/*!50003 SET @saved_sql_mode       = @@sql_mode */ ;
/*!50003 SET sql_mode              = 'ONLY_FULL_GROUP_BY,STRICT_TRANS_TABLES,NO_ZERO_IN_DATE,NO_ZERO_DATE,ERROR_FOR_DIVISION_BY_ZERO,NO_ENGINE_SUBSTITUTION' */ ;
DELIMITER ;;
CREATE DEFINER=`alunods`@`%` FUNCTION `status_sistema`() RETURNS varchar(50) CHARSET utf8mb4
    NO SQL
begin
    return "Sistema operando normalmente";
end ;;
DELIMITER ;
/*!50003 SET sql_mode              = @saved_sql_mode */ ;
/*!50003 SET character_set_client  = @saved_cs_client */ ;
/*!50003 SET character_set_results = @saved_cs_results */ ;
/*!50003 SET collation_connection  = @saved_col_connection */ ;
/*!50003 DROP FUNCTION IF EXISTS `total_compras_usuario` */;
/*!50003 SET @saved_cs_client      = @@character_set_client */ ;
/*!50003 SET @saved_cs_results     = @@character_set_results */ ;
/*!50003 SET @saved_col_connection = @@collation_connection */ ;
/*!50003 SET character_set_client  = utf8mb4 */ ;
/*!50003 SET character_set_results = utf8mb4 */ ;
/*!50003 SET collation_connection  = utf8mb4_0900_ai_ci */ ;
/*!50003 SET @saved_sql_mode       = @@sql_mode */ ;
/*!50003 SET sql_mode              = 'ONLY_FULL_GROUP_BY,STRICT_TRANS_TABLES,NO_ZERO_IN_DATE,NO_ZERO_DATE,ERROR_FOR_DIVISION_BY_ZERO,NO_ENGINE_SUBSTITUTION' */ ;
DELIMITER ;;
CREATE DEFINER=`alunods`@`%` FUNCTION `total_compras_usuario`(id_usuario int) RETURNS int
    READS SQL DATA
begin
    declare total int;

    select count(*) into total
    from compra
    where id_usuario = compra.fk_id_usuario;

    return total;

end ;;
DELIMITER ;
/*!50003 SET sql_mode              = @saved_sql_mode */ ;
/*!50003 SET character_set_client  = @saved_cs_client */ ;
/*!50003 SET character_set_results = @saved_cs_results */ ;
/*!50003 SET collation_connection  = @saved_col_connection */ ;
/*!50003 DROP PROCEDURE IF EXISTS `registrar_compra` */;
/*!50003 SET @saved_cs_client      = @@character_set_client */ ;
/*!50003 SET @saved_cs_results     = @@character_set_results */ ;
/*!50003 SET @saved_col_connection = @@collation_connection */ ;
/*!50003 SET character_set_client  = utf8mb4 */ ;
/*!50003 SET character_set_results = utf8mb4 */ ;
/*!50003 SET collation_connection  = utf8mb4_0900_ai_ci */ ;
/*!50003 SET @saved_sql_mode       = @@sql_mode */ ;
/*!50003 SET sql_mode              = 'ONLY_FULL_GROUP_BY,STRICT_TRANS_TABLES,NO_ZERO_IN_DATE,NO_ZERO_DATE,ERROR_FOR_DIVISION_BY_ZERO,NO_ENGINE_SUBSTITUTION' */ ;
DELIMITER ;;
CREATE DEFINER=`alunods`@`%` PROCEDURE `registrar_compra`(
    in p_id_usuario int,
    in p_id_ingresso int,
    in p_quantidade int
)
begin
    declare v_id_compra int;


    insert into compra(data_compra, fk_id_usuario)
    values(now(), p_id_usuario);


    set v_id_compra = last_insert_id();

   
    insert  into ingresso_compra(fk_id_compra, fk_id_ingresso, quantidade)
    values(v_id_compra,p_id_ingresso, p_quantidade);

end ;;
DELIMITER ;
/*!50003 SET sql_mode              = @saved_sql_mode */ ;
/*!50003 SET character_set_client  = @saved_cs_client */ ;
/*!50003 SET character_set_results = @saved_cs_results */ ;
/*!50003 SET collation_connection  = @saved_col_connection */ ;
/*!50003 DROP PROCEDURE IF EXISTS `registrar_compra2` */;
/*!50003 SET @saved_cs_client      = @@character_set_client */ ;
/*!50003 SET @saved_cs_results     = @@character_set_results */ ;
/*!50003 SET @saved_col_connection = @@collation_connection */ ;
/*!50003 SET character_set_client  = utf8mb4 */ ;
/*!50003 SET character_set_results = utf8mb4 */ ;
/*!50003 SET collation_connection  = utf8mb4_0900_ai_ci */ ;
/*!50003 SET @saved_sql_mode       = @@sql_mode */ ;
/*!50003 SET sql_mode              = 'ONLY_FULL_GROUP_BY,STRICT_TRANS_TABLES,NO_ZERO_IN_DATE,NO_ZERO_DATE,ERROR_FOR_DIVISION_BY_ZERO,NO_ENGINE_SUBSTITUTION' */ ;
DELIMITER ;;
CREATE DEFINER=`alunods`@`%` PROCEDURE `registrar_compra2`(
    in p_id_ingresso int,
    in p_id_compra int,
    in p_quantidade int
)
begin
    declare v_data_evento datetime;

    -- obtem a data do evento
    select e.data_hora into v_data_evento
    from ingresso i
    join evento e on i.fk_id_evento = e.id_evento
    where i.id_ingresso = p_id_ingresso;

if date(v_data_evento) < curdate() then
    delete from ingresso_compra where fk_id_compra = p_id_compra;
    delete from compra where id_compra = p_id_compra;
        signal sqlstate '45000'
        set message_text = 'Não é possivel comprar ingressos para eventos passados.';
    end if;

    -- registrar os ingressos comprados
    insert into ingresso_compra(fk_id_compra, fk_id_ingresso, quantidade)
    values(p_id_compra, p_id_ingresso, p_quantidade);
end ;;
DELIMITER ;
/*!50003 SET sql_mode              = @saved_sql_mode */ ;
/*!50003 SET character_set_client  = @saved_cs_client */ ;
/*!50003 SET character_set_results = @saved_cs_results */ ;
/*!50003 SET collation_connection  = @saved_col_connection */ ;
/*!50003 DROP PROCEDURE IF EXISTS `registrar_presenca` */;
/*!50003 SET @saved_cs_client      = @@character_set_client */ ;
/*!50003 SET @saved_cs_results     = @@character_set_results */ ;
/*!50003 SET @saved_col_connection = @@collation_connection */ ;
/*!50003 SET character_set_client  = utf8mb4 */ ;
/*!50003 SET character_set_results = utf8mb4 */ ;
/*!50003 SET collation_connection  = utf8mb4_0900_ai_ci */ ;
/*!50003 SET @saved_sql_mode       = @@sql_mode */ ;
/*!50003 SET sql_mode              = 'ONLY_FULL_GROUP_BY,STRICT_TRANS_TABLES,NO_ZERO_IN_DATE,NO_ZERO_DATE,ERROR_FOR_DIVISION_BY_ZERO,NO_ENGINE_SUBSTITUTION' */ ;
DELIMITER ;;
CREATE DEFINER=`alunods`@`%` PROCEDURE `registrar_presenca`(
    in p_id_compra int,
    in p_id_evento int
)
begin
    -- Registrar presença
    insert into presenca (data_hora_checkin, fk_id_evento, fk_id_compra)
    values(now(), p_id_evento, p_id_compra);
end ;;
DELIMITER ;
/*!50003 SET sql_mode              = @saved_sql_mode */ ;
/*!50003 SET character_set_client  = @saved_cs_client */ ;
/*!50003 SET character_set_results = @saved_cs_results */ ;
/*!50003 SET collation_connection  = @saved_col_connection */ ;
/*!50003 DROP PROCEDURE IF EXISTS `resumo_evento` */;
/*!50003 SET @saved_cs_client      = @@character_set_client */ ;
/*!50003 SET @saved_cs_results     = @@character_set_results */ ;
/*!50003 SET @saved_col_connection = @@collation_connection */ ;
/*!50003 SET character_set_client  = utf8mb4 */ ;
/*!50003 SET character_set_results = utf8mb4 */ ;
/*!50003 SET collation_connection  = utf8mb4_0900_ai_ci */ ;
/*!50003 SET @saved_sql_mode       = @@sql_mode */ ;
/*!50003 SET sql_mode              = 'ONLY_FULL_GROUP_BY,STRICT_TRANS_TABLES,NO_ZERO_IN_DATE,NO_ZERO_DATE,ERROR_FOR_DIVISION_BY_ZERO,NO_ENGINE_SUBSTITUTION' */ ;
DELIMITER ;;
CREATE DEFINER=`alunods`@`%` PROCEDURE `resumo_evento`( IN pid_evento int)
begin
    select 
    e.nome as nome_evento,
    e.data_hora as data,
    total_ingressos_vendidos(pid_evento) as total_vendidos,
    renda_total_evento (pid_evento) renda_total 
    from 
    evento e
    where e.id_evento = pid_evento;
end ;;
DELIMITER ;
/*!50003 SET sql_mode              = @saved_sql_mode */ ;
/*!50003 SET character_set_client  = @saved_cs_client */ ;
/*!50003 SET character_set_results = @saved_cs_results */ ;
/*!50003 SET collation_connection  = @saved_col_connection */ ;
/*!50003 DROP PROCEDURE IF EXISTS `resumo_usuario` */;
/*!50003 SET @saved_cs_client      = @@character_set_client */ ;
/*!50003 SET @saved_cs_results     = @@character_set_results */ ;
/*!50003 SET @saved_col_connection = @@collation_connection */ ;
/*!50003 SET character_set_client  = utf8mb4 */ ;
/*!50003 SET character_set_results = utf8mb4 */ ;
/*!50003 SET collation_connection  = utf8mb4_0900_ai_ci */ ;
/*!50003 SET @saved_sql_mode       = @@sql_mode */ ;
/*!50003 SET sql_mode              = 'ONLY_FULL_GROUP_BY,STRICT_TRANS_TABLES,NO_ZERO_IN_DATE,NO_ZERO_DATE,ERROR_FOR_DIVISION_BY_ZERO,NO_ENGINE_SUBSTITUTION' */ ;
DELIMITER ;;
CREATE DEFINER=`alunods`@`%` PROCEDURE `resumo_usuario`(in pid int)
begin
    declare nome varchar(100);
    declare email varchar(100);
    declare totalrs decimal(10,2);
    declare faixa varchar(20);

    -- busca o nome e o email do usuario
    select name, email into nome, email
    from usuario u 
    where u.id_usuario = pid;


-- Chamada das funcoes especificas ja criadas
    set totalrs = calcula_total_gasto(pid);
    set faixa = buscar_faixa_etaria(pid);

    -- Exibe os dados formatados
    select nome as nome_usuario,
            email as email_usuario,
            totalrs as total_gasto,
            faixa as faixa_etaria;

end ;;
DELIMITER ;
/*!50003 SET sql_mode              = @saved_sql_mode */ ;
/*!50003 SET character_set_client  = @saved_cs_client */ ;
/*!50003 SET character_set_results = @saved_cs_results */ ;
/*!50003 SET collation_connection  = @saved_col_connection */ ;
/*!50003 DROP PROCEDURE IF EXISTS `total_ingressos_usuario` */;
/*!50003 SET @saved_cs_client      = @@character_set_client */ ;
/*!50003 SET @saved_cs_results     = @@character_set_results */ ;
/*!50003 SET @saved_col_connection = @@collation_connection */ ;
/*!50003 SET character_set_client  = utf8mb4 */ ;
/*!50003 SET character_set_results = utf8mb4 */ ;
/*!50003 SET collation_connection  = utf8mb4_0900_ai_ci */ ;
/*!50003 SET @saved_sql_mode       = @@sql_mode */ ;
/*!50003 SET sql_mode              = 'ONLY_FULL_GROUP_BY,STRICT_TRANS_TABLES,NO_ZERO_IN_DATE,NO_ZERO_DATE,ERROR_FOR_DIVISION_BY_ZERO,NO_ENGINE_SUBSTITUTION' */ ;
DELIMITER ;;
CREATE DEFINER=`alunods`@`%` PROCEDURE `total_ingressos_usuario`(
    in p_id_usuario int,
    out p_total_ingressos int
)
begin

    set p_total_ingressos = 0;
    


    select coalesce(sum(ic.quantidade), 0)
    into p_total_ingressos
    from ingresso_compra ic
    join compra c on ic.fk_id_compra = c.id_compra
    where c.fk_id_usuario = p_id_usuario;
    end ;;
DELIMITER ;
/*!50003 SET sql_mode              = @saved_sql_mode */ ;
/*!50003 SET character_set_client  = @saved_cs_client */ ;
/*!50003 SET character_set_results = @saved_cs_results */ ;
/*!50003 SET collation_connection  = @saved_col_connection */ ;
/*!40103 SET TIME_ZONE=@OLD_TIME_ZONE */;

/*!40101 SET SQL_MODE=@OLD_SQL_MODE */;
/*!40014 SET FOREIGN_KEY_CHECKS=@OLD_FOREIGN_KEY_CHECKS */;
/*!40014 SET UNIQUE_CHECKS=@OLD_UNIQUE_CHECKS */;
/*!40101 SET CHARACTER_SET_CLIENT=@OLD_CHARACTER_SET_CLIENT */;
/*!40101 SET CHARACTER_SET_RESULTS=@OLD_CHARACTER_SET_RESULTS */;
/*!40101 SET COLLATION_CONNECTION=@OLD_COLLATION_CONNECTION */;
/*!40111 SET SQL_NOTES=@OLD_SQL_NOTES */;

-- Dump completed on 2025-06-09 16:17:54
 ALTER TABLE evento ADD imagem LOGBLOB;